ID,Title,Description,PageCount,Excerpt,PublishDate
1,"my first book","my first book",100,"yes and no","2020-11-11T00:52:44.431Z"
2,"my second book","my second book",100,"no and yes","2020-11-11T00:52:44.431Z"
3,"my first book","my first book",100,"yes and no","2020-11-11T00:52:44.431Z"
4,"my second book","my second book",100,"no and yes","2020-11-11T00:52:44.431Z"
5,"my first book","my first book",100,"yes and no","2020-11-11T00:52:44.431Z"
6,"my second book","my second book",100,"no and yes","2020-11-11T00:52:44.431Z"
7,"my first book","my first book",100,"yes and no","2020-11-11T00:52:44.431Z"
8,"my second book","my second book",100,"no and yes","2020-11-11T00:52:44.431Z"
9,"my first book","my first book",100,"yes and no","2020-11-11T00:52:44.431Z"
10,"my second book","my second book",100,"no and yes","2020-11-11T00:52:44.431Z"