ID,Title,DueDate,Completed
1,"My activity","2020-11-11T00:52:44.431Z",false
2,"Your activity","2020-11-11T00:52:44.431Z",true
3,"We have an activity","2020-11-11T00:52:44.431Z",false
4,"Their activity","2020-11-11T00:52:44.431Z",true
5,"Some activity","2020-11-11T00:52:44.431Z",false
6,"Another activity","2020-11-11T00:52:44.431Z",false
7,"New activity","2020-11-11T00:52:44.431Z",false
8,"Old activity","2020-11-13T00:55:44.431Z",true
9,"Good activity","2020-12-11T00:52:44.431Z",false
10,"Bad activity","2020-11-11T00:52:44.431Z",false